file,t,k,s,#mis,tw,deff,lp,#var,#clause,#literal,state_z3,mem_z3,time_z3
Benchmarks/UserServiceImpl.sk_8_32.cnf.arjun,0,4,2,16,3,-11,0.0,16,5,12,done,23498,0.0975063
Benchmarks/tutorial2.sk_3_4.cnf.arjun,0,0,0,1,0,-1,0.0,1,0,0,done,23498,0.0990029
Benchmarks/Blasted_Real/blasted_case25.cnf.arjun,7,7,15,9,8,10,10.0,11,21,87,done,23498,0.097562
Benchmarks/compress.sk_17_291.cnf.arjun,0,2,2,9635,1,-9633,0.0,9635,2,4,done,23498,0.0996277
Benchmarks/Blasted_Real/blasted_squaring5.cnf.arjun,146,12,58,49,31,823,823.0,206,1029,3645,done,23498,0.0965054
Benchmarks/Blasted_Real/blasted_case125.cnf.arjun,27,8,28,32,11,73,82.0,47,120,448,done,23498,0.0987173
Benchmarks/isolateRightmost.sk_7_481.cnf.arjun,876,8,504,649,53,4088,4399.0,1347,5435,18533,done,24535,0.11017
Benchmarks/Blasted_Real/blasted_case_0_b12_even2.cnf.arjun,155,20,78,148,74,2556,2556.0,599,3155,11547,done,24072,0.104677
Benchmarks/Blasted_Real/blasted_case39.cnf.arjun,32,18,115,59,24,164,164.0,78,242,2221,done,23633,0.116867
Benchmarks/Pollard.sk_1_10.cnf.arjun,285,20,564,173,102,5609,5609.0,416,6025,30699,done,24203,0.101898
Benchmarks/Blasted_Real/blasted_case205.cnf.arjun,42,13,35,46,14,108,108.0,63,171,914,done,23498,0.100335
Benchmarks/Blasted_Real/blasted_squaring3.cnf.arjun,146,12,58,49,31,823,823.0,206,1029,3645,done,23498,0.103959
Benchmarks/Blasted_Real/blasted_case7.cnf.arjun,0,0,0,17,0,-17,0.0,17,0,0,done,23498,0.0956794
Benchmarks/Blasted_Real/blasted_case139.cnf.arjun,60,20,63,210,28,422,466.0,335,757,3425,done,23805,0.111685
Benchmarks/Blasted_Real/blasted_case_0_b14_1.cnf.arjun,21,19,51,88,24,248,280.0,144,392,1501,done,23498,0.102416
Benchmarks/Blasted_Real/blasted_squaring12.cnf.arjun,83,20,129,61,37,1315,1315.0,284,1599,6126,done,23916,0.0995879
Benchmarks/Blasted_Real/blasted_case12.cnf.arjun,43,19,153,63,23,538,538.0,156,694,3232,done,23498,0.108014
Benchmarks/Blasted_Real/blasted_case212.cnf.arjun,41,20,87,88,41,514,514.0,161,675,2821,done,23785,0.111291
Benchmarks/Blasted_Real/blasted_case118.cnf.arjun,26,9,36,15,15,118,118.0,38,156,510,done,23498,0.0996042
Benchmarks/Blasted_Real/blasted_case143.cnf.arjun,14,9,38,27,11,34,49.0,35,69,324,done,23498,0.0996086
Benchmarks/Blasted_Real/blasted_case61.cnf.arjun,20,18,47,52,17,122,125.0,91,213,1066,done,23633,0.111617
Benchmarks/Blasted_Real/blasted_squaring26.cnf.arjun,21,19,98,36,29,365,365.0,94,459,1690,done,23769,0.102827
Benchmarks/Blasted_Real/blasted_squaring16.cnf.arjun,240,12,158,65,50,1464,1464.0,302,1766,6634,done,23789,0.115069
Benchmarks/Blasted_Real/blasted_case28.cnf.arjun,3,8,12,11,9,6,6.0,12,18,75,done,23498,0.0965699
Benchmarks/Blasted_Real/blasted_case_1_b14_3.cnf.arjun,0,0,0,37,0,-37,0.0,37,0,0,done,23498,0.0993994
Benchmarks/Blasted_Real/blasted_squaring21.cnf.arjun,18,18,60,30,26,270,270.0,81,351,1213,done,23764,0.0966307
Benchmarks/Blasted_Real/blasted_case44.cnf.arjun,19,12,37,16,15,95,95.0,35,130,510,done,23633,0.100458
Benchmarks/Blasted_Real/blasted_case146.cnf.arjun,3,18,34,55,17,103,105.0,92,195,722,done,23633,0.0996635
Benchmarks/Blasted_Real/blasted_case122.cnf.arjun,12,9,26,24,11,34,42.0,31,65,261,done,23498,0.0971743
Benchmarks/Blasted_Real/blasted_TR_b14_even3_linear.cnf.arjun,400,20,2371,304,165,7718,7744.0,1499,9217,39339,done,24956,0.102953
Benchmarks/Blasted_Real/blasted_case24.cnf.arjun,0,0,0,8,0,-8,0.0,8,0,0,done,23498,0.0955452
Benchmarks/Blasted_Real/blasted_case38.cnf.arjun,10,8,19,13,10,22,22.0,16,38,152,done,23498,0.0978825
Benchmarks/Blasted_Real/blasted_TR_ptb_2_linear.cnf.arjun,304,20,167,118,82,4381,4382.0,757,5138,20587,done,24420,0.109416
Benchmarks/Blasted_Real/blasted_case8.cnf.arjun,6,13,17,24,13,24,28.0,28,52,198,done,23633,0.0988797
Benchmarks/Blasted_Real/blasted_case_1_4_b14_even.cnf.arjun,95,20,48,139,45,1081,1081.0,312,1393,5138,done,23801,0.100919
Benchmarks/Blasted_Real/blasted_case112.cnf.arjun,3,10,13,15,10,3,7.0,17,20,90,done,23498,0.0955938
Benchmarks/Blasted_Real/blasted_case22.cnf.arjun,13,7,22,13,10,24,24.0,17,41,169,done,23498,0.096468
Benchmarks/Blasted_Real/blasted_case59_1.cnf.arjun,4,5,11,16,5,-5,3.0,16,11,45,done,23498,0.0975117
Benchmarks/Blasted_Real/blasted_squaring9.cnf.arjun,79,17,55,49,31,853,853.0,223,1076,3788,done,23777,0.102814
Benchmarks/Blasted_Real/blasted_squaring60.cnf.arjun,279,20,162,377,98,5913,5913.0,1496,7409,26547,done,24764,0.113953
Benchmarks/Blasted_Real/blasted_case202.cnf.arjun,0,0,0,42,0,-42,0.0,42,0,0,done,23498,0.0965718
Benchmarks/Blasted_Real/blasted_case103.cnf.arjun,0,0,0,8,0,-8,0.0,8,0,0,done,23498,0.0980676
Benchmarks/Blasted_Real/blasted_case_0_ptb_2.cnf.arjun,288,20,153,108,72,3849,3849.0,678,4527,18270,done,24227,0.105074
Benchmarks/Blasted_Real/blasted_case68.cnf.arjun,0,0,0,17,0,-17,0.0,17,0,0,done,23498,0.101731
Benchmarks/Blasted_Real/blasted_case51.cnf.arjun,2,14,18,18,18,3,3.0,20,23,139,done,23498,0.0953521
Benchmarks/Blasted_Real/blasted_case_1_b12_even2.cnf.arjun,155,20,78,147,74,2556,2556.0,599,3155,11547,done,24072,0.100394
Benchmarks/Blasted_Real/blasted_case134.cnf.arjun,0,0,0,18,0,-18,0.0,18,0,0,done,23498,0.100241
Benchmarks/Blasted_Real/blasted_case208.cnf.arjun,0,0,0,162,0,-162,0.0,162,0,0,done,23498,0.0975866
Benchmarks/Blasted_Real/blasted_case_0_b11_1.cnf.arjun,48,13,143,41,17,203,203.0,63,266,1892,done,23498,0.10144
Benchmarks/Blasted_Real/blasted_TR_b12_even7_linear.cnf.arjun,440,20,726,290,93,9239,9240.0,1742,10981,40614,done,25227,0.103864
Benchmarks/Blasted_Real/blasted_squaring24.cnf.arjun,24,18,66,28,25,271,273.0,83,354,1347,done,23498,0.112583
Benchmarks/Blasted_Real/blasted_case_1_b12_even3.cnf.arjun,269,20,108,232,81,4039,4039.0,945,4984,18452,done,24436,0.102893
Benchmarks/Blasted_Real/blasted_squaring4.cnf.arjun,131,12,84,44,29,797,797.0,206,1003,3545,done,23769,0.112492
Benchmarks/Blasted_Real/blasted_case59.cnf.arjun,4,5,11,16,5,-5,3.0,16,11,45,done,23498,0.100131
Benchmarks/Blasted_Real/blasted_case207.cnf.arjun,0,0,0,162,0,-162,0.0,162,0,0,done,23498,0.095468
Benchmarks/Blasted_Real/blasted_squaring8.cnf.arjun,147,13,84,49,30,939,939.0,234,1173,4347,done,23777,0.100722
Benchmarks/Blasted_Real/blasted_case_2_b14_even.cnf.arjun,82,20,52,119,47,873,873.0,260,1133,4252,done,23498,0.101051
Benchmarks/Blasted_Real/blasted_case_0_b12_1.cnf.arjun,24,19,45,30,24,210,210.0,58,268,1262,done,23633,0.103871
Benchmarks/Blasted_Real/blasted_squaring40.cnf.arjun,108,20,88,152,45,2357,2357.0,679,3036,10669,done,24092,0.111397
Benchmarks/Blasted_Real/blasted_case14.cnf.arjun,7,19,36,59,18,109,109.0,96,205,826,done,23498,0.101919
Benchmarks/Blasted_Real/blasted_case_2_b12_1.cnf.arjun,24,19,45,30,24,210,210.0,58,268,1262,done,23498,0.102964
Benchmarks/Blasted_Real/blasted_case26.cnf.arjun,3,8,12,10,9,6,6.0,12,18,75,done,23695,0.0976221
Benchmarks/Blasted_Real/blasted_case_3_b14_1.cnf.arjun,0,0,0,42,0,-42,0.0,42,0,0,done,23498,0.104465
Benchmarks/Blasted_Real/blasted_TR_b14_3_linear.cnf.arjun,96,19,443,115,50,1171,1182.0,301,1472,6637,done,23789,0.10487
Benchmarks/Blasted_Real/blasted_case_2_b12_even2.cnf.arjun,155,20,78,150,74,2556,2556.0,599,3155,11547,done,24072,0.103068
Benchmarks/Blasted_Real/blasted_case34.cnf.arjun,9,14,32,37,14,30,43.0,42,72,328,done,23498,0.103144
Benchmarks/Blasted_Real/blasted_case1.cnf.arjun,20,12,38,17,19,89,90.0,31,120,497,done,23498,0.103133
Benchmarks/Blasted_Real/blasted_case_0_b12_2.cnf.arjun,35,20,95,39,27,385,385.0,92,477,2289,done,23633,0.111272
Benchmarks/Blasted_Real/blasted_case105.cnf.arjun,16,18,34,49,17,111,111.0,80,191,906,done,23633,0.0979154
Benchmarks/Blasted_Real/blasted_case_2_ptb_1.cnf.arjun,110,20,53,77,51,861,861.0,184,1045,4095,done,23781,0.109452
Benchmarks/Blasted_Real/blasted_case_3_b14_3.cnf.arjun,0,0,0,37,0,-37,0.0,37,0,0,done,23498,0.0996792
Benchmarks/Blasted_Real/blasted_case_2_b14_3.cnf.arjun,0,0,0,37,0,-37,0.0,37,0,0,done,23498,0.0965957
Benchmarks/Blasted_Real/blasted_case3.cnf.arjun,31,12,65,26,20,172,172.0,46,218,885,done,23498,0.0997856
Benchmarks/Blasted_Real/blasted_case111.cnf.arjun,8,9,20,15,10,22,24.0,18,40,159,done,23498,0.098544
Benchmarks/Blasted_Real/blasted_case117.cnf.arjun,5,10,15,16,12,7,10.0,17,24,116,done,23498,0.101181
Benchmarks/Blasted_Real/blasted_case2.cnf.arjun,26,13,63,33,19,156,156.0,47,203,808,done,23633,0.0976816
Benchmarks/Blasted_Real/blasted_case140.cnf.arjun,54,20,73,126,25,362,362.0,226,588,2795,done,23498,0.113875
Benchmarks/Blasted_Real/blasted_case64.cnf.arjun,11,6,15,16,7,18,18.0,20,38,152,done,23498,0.0999803
Benchmarks/Blasted_Real/blasted_case6.cnf.arjun,9,19,30,37,27,124,124.0,64,188,816,done,23498,0.100745
Benchmarks/Blasted_Real/blasted_case5.cnf.arjun,23,11,25,28,17,72,83.0,45,117,440,done,23498,0.0980968
Benchmarks/Blasted_Real/blasted_case45.cnf.arjun,4,11,15,14,12,6,7.0,16,22,105,done,23498,0.0986085
Benchmarks/Blasted_Real/blasted_case55.cnf.arjun,19,10,46,20,13,77,77.0,33,110,491,done,23498,0.0975403
Benchmarks/Blasted_Real/blasted_case56.cnf.arjun,24,11,50,21,17,120,121.0,39,159,617,done,23498,0.0992731
Benchmarks/Blasted_Real/blasted_case_2_b12_even3.cnf.arjun,269,20,108,232,81,4039,4039.0,945,4984,18452,done,24539,0.104904
Benchmarks/Blasted_Real/blasted_case11.cnf.arjun,2,11,14,14,12,5,7.0,16,21,96,done,23695,0.100709
Benchmarks/Blasted_Real/blasted_case110.cnf.arjun,5,10,13,14,10,5,8.0,16,21,99,done,23498,0.0974895
Benchmarks/Blasted_Real/blasted_case23.cnf.arjun,0,0,0,11,0,-11,0.0,11,0,0,done,23498,0.100314
Benchmarks/Blasted_Real/blasted_case_2_b12_2.cnf.arjun,35,20,95,39,27,385,385.0,92,477,2289,done,23498,0.103893
Benchmarks/Blasted_Real/blasted_case113.cnf.arjun,10,16,35,22,18,105,105.0,35,140,489,done,23633,0.101258
Benchmarks/Blasted_Real/blasted_case32.cnf.arjun,3,8,12,10,9,6,6.0,12,18,75,done,23695,0.0957365
Benchmarks/Blasted_Real/blasted_case142.cnf.arjun,113,20,239,390,67,1970,1970.0,794,2764,13170,done,24113,0.178492
Benchmarks/Blasted_Real/blasted_case_3_4_b14_even.cnf.arjun,95,20,48,139,45,1081,1081.0,312,1393,5138,done,23801,0.102837
Benchmarks/Blasted_Real/blasted_TR_device_1_even_linear.cnf.arjun,76,20,90,161,39,836,888.0,293,1129,4244,done,23633,0.113503
Benchmarks/Blasted_Real/blasted_case63.cnf.arjun,4,5,11,16,5,-5,3.0,16,11,45,done,23498,0.100761
Benchmarks/Blasted_Real/blasted_case_1_ptb_2.cnf.arjun,283,20,144,101,76,3685,3685.0,614,4299,17342,done,24305,0.103213
Benchmarks/Blasted_Real/blasted_case27.cnf.arjun,3,8,12,10,9,6,6.0,12,18,75,done,23695,0.0986659
Benchmarks/Blasted_Real/blasted_squaring6.cnf.arjun,146,12,58,49,31,823,823.0,206,1029,3645,done,23498,0.109832
Benchmarks/Blasted_Real/blasted_case33.cnf.arjun,3,8,12,10,9,6,6.0,12,18,75,done,23498,0.0996754
Benchmarks/Blasted_Real/blasted_case_1_b14_even.cnf.arjun,82,20,52,119,47,873,873.0,260,1133,4252,done,23793,0.112051
Benchmarks/Blasted_Real/blasted_squaring51.cnf.arjun,35,13,53,33,25,322,322.0,97,419,1305,done,23498,0.0952472
Benchmarks/Blasted_Real/blasted_case121.cnf.arjun,27,13,34,40,14,103,103.0,63,166,789,done,23633,0.0991812
Benchmarks/Blasted_Real/blasted_squaring11.cnf.arjun,83,17,60,53,30,864,864.0,227,1091,3836,done,23781,0.102852
Benchmarks/Blasted_Real/blasted_case141.cnf.arjun,136,20,552,477,72,2401,2401.0,967,3368,18218,done,24133,0.102266
Benchmarks/Blasted_Real/blasted_case123.cnf.arjun,10,14,26,32,13,56,56.0,43,99,362,done,23498,0.0975766
Benchmarks/Blasted_Real/blasted_TR_b14_2_linear.cnf.arjun,86,18,276,112,40,853,864.0,264,1117,5016,done,23789,0.100101
Benchmarks/Blasted_Real/blasted_case37.cnf.arjun,5,19,54,151,20,-19,81.0,182,163,714,done,23498,0.0979732
Benchmarks/Blasted_Real/blasted_case102.cnf.arjun,0,0,0,8,0,-8,0.0,8,0,0,done,23498,0.0987348
Benchmarks/Blasted_Real/blasted_case114.cnf.arjun,12,11,21,25,13,18,29.0,29,47,220,done,23498,0.100254
Benchmarks/Blasted_Real/blasted_squaring50.cnf.arjun,41,13,51,31,22,289,289.0,88,377,1215,done,23498,0.0972419
Benchmarks/Blasted_Real/blasted_case41.cnf.arjun,32,18,115,60,24,164,164.0,78,242,2221,done,23633,0.0975836
Benchmarks/Blasted_Real/blasted_case53.cnf.arjun,2,14,18,18,18,3,3.0,20,23,139,done,23498,0.10066
Benchmarks/Blasted_Real/blasted_case3_b14_even3.cnf.arjun,82,20,52,118,47,873,873.0,260,1133,4252,done,23793,0.0968375
Benchmarks/Blasted_Real/blasted_case120.cnf.arjun,25,13,39,48,17,73,89.0,66,139,808,done,23498,0.0946863
Benchmarks/Blasted_Real/blasted_case_2_b14_1.cnf.arjun,0,0,0,42,0,-42,0.0,42,0,0,done,23498,0.0954859
Benchmarks/Blasted_Real/blasted_TR_b12_even2_linear.cnf.arjun,440,20,726,312,93,9239,9240.0,1742,10981,40614,done,25227,0.116666
Benchmarks/Blasted_Real/blasted_squaring70.cnf.arjun,49,20,58,85,32,795,795.0,248,1043,3912,done,23781,0.102112
Benchmarks/Blasted_Real/blasted_case213.cnf.arjun,22,20,48,77,25,351,351.0,107,458,1591,done,23498,0.107086
Benchmarks/Blasted_Real/blasted_case21.cnf.arjun,12,9,22,13,10,26,26.0,17,43,185,done,23498,0.0944857
Benchmarks/Blasted_Real/blasted_case9.cnf.arjun,7,18,35,58,18,109,109.0,95,204,828,done,23498,0.0964341
Benchmarks/Blasted_Real/blasted_case20.cnf.arjun,13,18,29,66,19,249,249.0,124,373,1401,done,23498,0.101822
Benchmarks/Blasted_Real/blasted_case36.cnf.arjun,4,5,11,9,5,2,3.0,9,11,45,done,23498,0.100908
Benchmarks/Blasted_Real/blasted_TR_b12_even3_linear.cnf.arjun,454,20,720,301,91,9219,9220.0,1732,10951,40683,done,25223,0.103868
Benchmarks/Blasted_Real/blasted_squaring29.cnf.arjun,47,17,172,31,33,671,671.0,142,813,3038,done,23769,0.101446
Benchmarks/Blasted_Real/blasted_case54.cnf.arjun,23,11,43,23,18,101,102.0,35,136,571,done,23498,0.0979754
Benchmarks/Blasted_Real/blasted_case119.cnf.arjun,23,14,53,47,13,112,127.0,75,187,1013,done,23633,0.0970042
Benchmarks/Blasted_Real/blasted_case107.cnf.arjun,12,19,70,93,27,16,64.0,112,128,774,done,23498,0.0958613
Benchmarks/Blasted_Real/blasted_case133.cnf.arjun,0,0,0,39,0,-39,0.0,39,0,0,done,23498,0.100845
Benchmarks/Blasted_Real/blasted_case_3_b14_2.cnf.arjun,0,0,0,40,0,-40,0.0,40,0,0,done,23498,0.0979673
Benchmarks/Blasted_Real/blasted_case124.cnf.arjun,0,0,0,28,0,-28,0.0,28,0,0,done,23498,0.0966785
Benchmarks/Blasted_Real/blasted_case46.cnf.arjun,28,10,37,16,13,113,113.0,38,151,547,done,23498,0.0996992
Benchmarks/Blasted_Real/blasted_squaring27.cnf.arjun,13,19,80,54,26,266,266.0,83,349,1267,done,23633,0.114506
Benchmarks/Blasted_Real/blasted_case203.cnf.arjun,42,13,35,46,14,108,108.0,63,171,914,done,23498,0.0996623
Benchmarks/Blasted_Real/blasted_case_1_b14_1.cnf.arjun,0,0,0,42,0,-42,1.0,42,0,0,done,23498,0.0980381
Benchmarks/Blasted_Real/blasted_case126.cnf.arjun,11,13,21,33,13,33,41.0,39,72,294,done,23498,0.0986011
Benchmarks/Blasted_Real/blasted_case130.cnf.arjun,19,9,61,50,17,59,92.0,65,124,498,done,23498,0.100734
Benchmarks/Blasted_Real/blasted_case31.cnf.arjun,3,8,12,11,9,6,6.0,12,18,75,done,23498,0.0979539
Benchmarks/Blasted_Real/blasted_case201.cnf.arjun,0,0,0,42,0,-42,0.0,42,0,0,done,23498,0.0970131
Benchmarks/Blasted_Real/blasted_squaring23.cnf.arjun,9,19,63,28,27,233,233.0,74,307,1109,done,23498,0.097538
Benchmarks/Blasted_Real/blasted_squaring10.cnf.arjun,78,17,71,52,30,954,954.0,244,1198,4258,done,23785,0.0975221
Benchmarks/Blasted_Real/blasted_TR_b14_even2_linear.cnf.arjun,472,20,2749,367,162,9116,9146.0,1763,10879,46733,done,25337,0.11551
Benchmarks/Blasted_Real/blasted_case115.cnf.arjun,10,10,20,26,11,9,21.0,28,37,183,done,23498,0.0969711
Benchmarks/Blasted_Real/blasted_case_1_ptb_1.cnf.arjun,93,20,50,78,54,855,855.0,189,1044,3842,done,23785,0.109694
Benchmarks/Blasted_Real/blasted_squaring20.cnf.arjun,11,19,58,24,23,199,201.0,65,264,923,done,23633,0.0956482
Benchmarks/Blasted_Real/blasted_case17.cnf.arjun,0,0,0,11,0,-11,0.0,11,0,0,done,23498,0.0969249
Benchmarks/Blasted_Real/blasted_case211.cnf.arjun,39,20,70,82,34,650,650.0,149,799,2568,done,23498,0.104013
Benchmarks/Blasted_Real/blasted_case15.cnf.arjun,3,19,35,75,18,93,109.0,113,206,782,done,23633,0.0987694
Benchmarks/Blasted_Real/blasted_case108.cnf.arjun,0,0,0,16,0,-16,0.0,16,0,0,done,23498,0.101872
Benchmarks/Blasted_Real/blasted_case62.cnf.arjun,14,11,30,31,14,51,52.0,38,89,444,done,23498,0.100703
Benchmarks/Blasted_Real/blasted_case_1_b12_2.cnf.arjun,35,20,95,38,27,385,385.0,92,477,2289,done,23633,0.106609
Benchmarks/Blasted_Real/blasted_case_0_b12_even3.cnf.arjun,269,20,108,232,81,4039,4039.0,945,4984,18452,done,24383,0.0976666
Benchmarks/Blasted_Real/blasted_case19.cnf.arjun,17,17,32,66,18,253,253.0,122,375,1427,done,23498,0.1017
Benchmarks/Blasted_Real/blasted_case_0_ptb_1.cnf.arjun,114,20,90,91,52,993,993.0,234,1227,5093,done,23805,0.0985862
Benchmarks/Blasted_Real/blasted_case137.cnf.arjun,0,0,0,18,0,-18,0.0,18,0,0,done,23498,0.0954934
Benchmarks/Blasted_Real/blasted_case47.cnf.arjun,2,9,15,18,9,6,6.0,21,27,103,done,23498,0.0979876
Benchmarks/Blasted_Real/blasted_TR_ptb_1_linear.cnf.arjun,160,20,156,107,58,1576,1576.0,322,1898,7619,done,23904,0.102896
Benchmarks/Blasted_Real/blasted_squaring1.cnf.arjun,117,13,97,51,28,804,804.0,206,1010,3642,done,23769,0.1158
Benchmarks/Blasted_Real/blasted_case40.cnf.arjun,32,18,115,57,24,164,164.0,78,242,2221,done,23498,0.113618
Benchmarks/Blasted_Real/blasted_TR_device_1_linear.cnf.arjun,29,20,87,93,40,466,497.0,175,641,2233,done,23498,0.109157
Benchmarks/Blasted_Real/blasted_TR_b14_even_linear.cnf.arjun,386,20,2383,306,163,7762,7788.0,1500,9262,39439,done,24952,0.102248
Benchmarks/Blasted_Real/blasted_case_1_b14_2.cnf.arjun,0,0,0,40,0,-40,0.0,40,0,0,done,23498,0.10026
Benchmarks/Blasted_Real/blasted_squaring7.cnf.arjun,185,12,71,64,33,1041,1041.0,258,1299,4708,done,23785,0.112723
Benchmarks/Blasted_Real/blasted_squaring28.cnf.arjun,56,17,134,51,38,759,759.0,169,928,3274,done,23633,0.0979729
Benchmarks/Blasted_Real/blasted_case42.cnf.arjun,42,17,76,150,23,284,348.0,210,494,2385,done,23498,0.112339
Benchmarks/Blasted_Real/blasted_case101.cnf.arjun,0,0,0,21,0,-21,0.0,21,0,0,done,23498,0.0966405
Benchmarks/Blasted_Real/blasted_case138.cnf.arjun,96,20,97,172,55,777,777.0,391,1168,5220,done,23633,0.108111
Benchmarks/Blasted_Real/blasted_case135.cnf.arjun,0,0,0,21,0,-21,0.0,21,0,0,done,23498,0.101158
Benchmarks/Blasted_Real/blasted_case52.cnf.arjun,2,14,18,19,18,3,3.0,20,23,139,done,23498,0.102786
Benchmarks/Blasted_Real/blasted_case100.cnf.arjun,0,0,0,21,0,-21,0.0,21,0,0,done,23498,0.0988405
Benchmarks/Blasted_Real/blasted_squaring22.cnf.arjun,24,18,66,28,25,271,273.0,83,354,1347,done,23498,0.100977
Benchmarks/Blasted_Real/blasted_squaring42.cnf.arjun,108,20,88,160,45,2357,2357.0,679,3036,10669,done,24092,0.114512
Benchmarks/Blasted_Real/blasted_case35.cnf.arjun,12,14,40,44,15,59,65.0,53,112,518,done,23633,0.0985978
Benchmarks/Blasted_Real/blasted_case_2_b12_even1.cnf.arjun,142,20,85,150,76,2570,2570.0,605,3175,11476,done,24076,0.103191
Benchmarks/Blasted_Real/blasted_case214.cnf.arjun,25,20,47,78,25,367,367.0,111,478,1608,done,23769,0.109186
Benchmarks/Blasted_Real/blasted_squaring2.cnf.arjun,127,12,79,46,30,800,800.0,207,1007,3506,done,23498,0.101772
Benchmarks/Blasted_Real/blasted_squaring41.cnf.arjun,100,20,93,153,39,2101,2101.0,594,2695,9646,done,24088,0.109463
Benchmarks/Blasted_Real/blasted_case57.cnf.arjun,21,9,28,29,14,75,75.0,45,120,464,done,23498,0.0991588
Benchmarks/Blasted_Real/blasted_TR_b12_1_linear.cnf.arjun,101,20,276,66,47,1656,1657.0,312,1968,7793,done,23797,0.0996983
Benchmarks/Blasted_Real/blasted_case206.cnf.arjun,0,0,0,2,0,-2,0.0,2,0,0,done,23498,0.101045
Benchmarks/Blasted_Real/blasted_case136.cnf.arjun,0,0,0,39,0,-39,0.0,39,0,0,done,23498,0.0973344
Benchmarks/Blasted_Real/blasted_case1_b14_even3.cnf.arjun,66,20,47,122,47,894,894.0,277,1171,4017,done,23498,0.111769
Benchmarks/Blasted_Real/blasted_case210.cnf.arjun,21,20,62,81,32,538,538.0,144,682,2130,done,23781,0.105417
Benchmarks/Blasted_Real/blasted_case200.cnf.arjun,0,0,0,2,0,-2,0.0,2,0,0,done,23498,0.0943349
Benchmarks/Blasted_Real/blasted_case104.cnf.arjun,162,20,233,381,61,2073,2073.0,830,2903,13138,done,24215,0.116247
Benchmarks/Blasted_Real/blasted_case116.cnf.arjun,10,14,38,25,19,98,108.0,45,143,490,done,23633,0.0965072
Benchmarks/Blasted_Real/blasted_case131.cnf.arjun,1,4,6,33,4,-27,0.0,33,6,22,done,23498,0.0977123
Benchmarks/Blasted_Real/blasted_case132.cnf.arjun,0,0,0,21,0,-21,0.0,21,0,0,done,23498,0.0996339
Benchmarks/Blasted_Real/blasted_case_2_b14_2.cnf.arjun,0,0,0,40,0,-40,0.0,40,0,0,done,23498,0.096512
Benchmarks/Blasted_Real/blasted_case209.cnf.arjun,41,20,87,89,41,514,514.0,161,675,2821,done,23785,0.110075
Benchmarks/Blasted_Real/blasted_squaring25.cnf.arjun,13,20,65,31,25,277,277.0,84,361,1270,done,23498,0.110565
Benchmarks/Blasted_Real/blasted_case_1_b12_1.cnf.arjun,24,19,45,30,24,210,210.0,58,268,1262,done,23633,0.097817
Benchmarks/Blasted_Real/blasted_case_2_ptb_2.cnf.arjun,285,20,155,103,74,3656,3656.0,609,4265,17286,done,24219,0.09973
Benchmarks/Blasted_Real/blasted_case_0_b12_even1.cnf.arjun,142,20,85,150,76,2570,2570.0,605,3175,11476,done,24158,0.10495
Benchmarks/Blasted_Real/blasted_case43.cnf.arjun,4,11,15,14,12,6,7.0,16,22,105,done,23498,0.0934774
Benchmarks/Blasted_Real/blasted_case106.cnf.arjun,44,16,43,46,15,127,127.0,77,204,1209,done,23498,0.113465
Benchmarks/Blasted_Real/blasted_case204.cnf.arjun,42,13,35,46,14,108,108.0,63,171,914,done,23498,0.100952
Benchmarks/Blasted_Real/blasted_case145.cnf.arjun,3,18,34,55,17,103,105.0,92,195,722,done,23633,0.100709
Benchmarks/Blasted_Real/blasted_case144.cnf.arjun,17,19,137,82,25,264,276.0,129,393,1726,done,23769,0.109462
Benchmarks/Blasted_Real/blasted_case49.cnf.arjun,71,12,86,63,34,467,468.0,130,597,2317,done,23498,0.111484
Benchmarks/Blasted_Real/blasted_case_1_b11_1.cnf.arjun,48,13,143,42,17,203,203.0,63,266,1892,done,23498,0.107787
Benchmarks/Blasted_Real/blasted_case60.cnf.arjun,0,0,0,4,0,-4,0.0,4,0,0,done,23498,0.0965186
Benchmarks/Blasted_Real/blasted_case29.cnf.arjun,0,0,0,8,0,-8,0.0,8,0,0,done,23498,0.0986386
Benchmarks/Blasted_Real/blasted_squaring14.cnf.arjun,214,13,78,66,38,1290,1290.0,289,1579,5662,done,23789,0.113827
Benchmarks/Blasted_Real/blasted_case18.cnf.arjun,42,19,60,53,31,311,325.0,114,425,1998,done,23498,0.0955721
Benchmarks/Blasted_Real/blasted_case127.cnf.arjun,0,0,0,6,0,-6,0.0,6,0,0,done,23498,0.0983638
Benchmarks/Blasted_Real/blasted_TR_b14_1_linear.cnf.arjun,74,18,215,111,29,664,675.0,224,888,3984,done,23785,0.0995747
Benchmarks/Blasted_Real/blasted_case4.cnf.arjun,5,12,17,16,13,26,26.0,21,47,191,done,23695,0.100744
Benchmarks/Blasted_Real/blasted_case_1_b12_even1.cnf.arjun,142,20,85,150,76,2570,2570.0,605,3175,11476,done,24076,0.111061
Benchmarks/Blasted_Real/blasted_case128.cnf.arjun,0,0,0,6,0,-6,0.0,6,0,0,done,23498,0.0966714
Benchmarks/Blasted_Real/blasted_case50.cnf.arjun,8,13,27,62,17,2,37.0,68,70,279,done,23633,0.100895
Benchmarks/Blasted_Real/blasted_case30.cnf.arjun,7,7,15,9,8,10,10.0,11,21,87,done,23498,0.0954195
Benchmarks/Blasted_Real/blasted_TR_b12_2_linear.cnf.arjun,141,19,280,75,50,1861,1862.0,338,2199,9247,done,24014,0.0981133
Benchmarks/Blasted_Real/blasted_squaring30.cnf.arjun,50,17,144,44,38,650,650.0,152,802,2804,done,23769,0.0998545
Benchmarks/Blasted_Real/blasted_case109.cnf.arjun,0,0,0,20,0,-20,0.0,20,0,0,done,23498,0.0987894
Benchmarks/Blasted_Real/blasted_case58.cnf.arjun,4,5,11,16,5,-5,3.0,16,11,45,done,23498,0.0968458
Benchmarks/Blasted_Real/blasted_case10.cnf.arjun,8,19,58,71,22,72,88.0,99,171,756,done,23633,0.0975126
Benchmarks/110.sk_3_88.cnf.arjun,0,0,0,73,0,-73,0.0,73,0,0,done,23498,0.0996365
Benchmarks/ActivityService.sk_11_27.cnf.arjun,4,6,11,21,5,0,6.0,22,22,67,done,23498,0.0980658
Benchmarks/registerlesSwap.sk_3_10.cnf.arjun,12,7,26,11,9,34,36.0,17,51,200,done,23498,0.0985656
Benchmarks/lss.sk_6_7.cnf.arjun,7,7,11,9,8,24,24.0,13,37,103,done,23498,0.0922224
Benchmarks/reverse.sk_11_258.cnf.arjun,0,0,0,92,0,-92,0.0,92,0,0,done,23498,0.100704
Benchmarks/109.sk_4_36.cnf.arjun,1,3,6,30,2,-22,0.0,30,8,18,done,23498,0.0974227
Benchmarks/32.sk_4_38.cnf.arjun,0,0,0,30,0,-30,0.0,30,0,0,done,23498,0.0966702
Benchmarks/doublyLinkedList.sk_8_37.cnf.arjun,63,6,18,45,14,158,161.0,97,255,727,done,23498,0.0991357
Benchmarks/53.sk_4_32.cnf.arjun,0,0,0,25,0,-25,0.0,25,0,0,done,23498,0.101351
Benchmarks/ProcessBean.sk_8_64.cnf.arjun,16,10,16,48,15,27,44.0,60,87,326,done,23498,0.0983186
Benchmarks/PhaseService.sk_14_27.cnf.arjun,5,4,11,21,4,3,8.0,24,27,72,done,23498,0.10092
Benchmarks/tableBasedAddition.sk_240_1024.cnf.arjun,0,0,0,64,0,-64,0.0,64,0,0,done,23498,0.0970025
Benchmarks/77.sk_3_44.cnf.arjun,1,2,4,34,1,-30,0.0,34,4,8,done,23498,0.0997378
Benchmarks/20.sk_1_51.cnf.arjun,6,4,8,48,4,-23,3.0,49,26,59,done,23498,0.0954655
Benchmarks/ProjectService3.sk_12_55.cnf.arjun,110,13,143,138,31,759,764.0,217,976,3997,done,23785,0.105215
Benchmarks/LoginService2.sk_23_36.cnf.arjun,111,17,139,96,71,1150,1154.0,210,1360,5854,done,23797,0.10179
Benchmarks/FeatureModels/excalibur_arm9.cnf.arjun,65,5,123,602,17,284,284.0,603,887,1859,done,23769,0.102612
Benchmarks/FeatureModels/uE250.cnf.arjun,61,5,123,604,18,280,280.0,606,886,1859,done,23904,0.111182
Benchmarks/FeatureModels/h8max.cnf.arjun,58,5,123,585,18,272,272.0,587,859,1802,done,23773,0.111414
Benchmarks/FeatureModels/m5272c3.cnf.arjun,64,5,123,611,19,280,280.0,613,893,1873,done,23498,0.111391
Benchmarks/FeatureModels/refidt334.cnf.arjun,62,5,123,638,18,279,279.0,641,920,1929,done,23904,0.106018
Benchmarks/FeatureModels/am31_sim.cnf.arjun,56,5,123,568,17,257,257.0,569,826,1735,done,23912,0.100752
Benchmarks/FeatureModels/pid.cnf.arjun,58,5,123,596,18,279,279.0,597,876,1839,done,23904,0.113576
Benchmarks/enqueueSeqSK.sk_10_42.cnf.arjun,1256,12,132,256,159,9398,9398.0,1727,11125,41062,done,26279,0.174912
Benchmarks/signedAvg.sk_8_1020.cnf.arjun,1048,10,366,1077,75,6602,7248.0,2279,8881,32144,done,26284,0.199295
Benchmarks/FeatureModels/lpcmt.cnf.arjun,59,5,123,597,18,270,270.0,598,868,1821,done,23769,0.111625
Benchmarks/FeatureModels/iq80321.cnf.arjun,60,5,123,613,18,278,278.0,615,893,1873,done,23769,0.113859
Benchmarks/FeatureModels/psim.cnf.arjun,57,5,123,578,17,257,257.0,579,836,1755,done,23633,0.105109
Benchmarks/FeatureModels/nano.cnf.arjun,63,5,123,618,19,288,288.0,621,909,1907,done,23904,0.114843
Benchmarks/FeatureModels/hs7729pci.cnf.arjun,67,5,123,637,18,298,298.0,639,937,1958,done,23904,0.102845
Benchmarks/FeatureModels/linux.cnf.arjun,63,5,123,592,18,277,277.0,595,872,1830,done,23773,0.114511
Benchmarks/FeatureModels/dreamcast.cnf.arjun,60,5,123,598,18,275,275.0,600,875,1837,done,23773,0.0965191
Benchmarks/FeatureModels/cq7708.cnf.arjun,63,5,123,590,18,280,280.0,591,871,1826,done,23498,0.0985586
Benchmarks/FeatureModels/ocelot.cnf.arjun,61,5,123,633,18,272,272.0,635,907,1900,done,23633,0.0992665
Benchmarks/FeatureModels/vrc4375.cnf.arjun,60,5,123,632,19,273,273.0,634,907,1900,done,23769,0.109176
Benchmarks/FeatureModels/tx39_sim.cnf.arjun,57,5,123,573,17,257,257.0,574,831,1745,done,23773,0.100913
Benchmarks/FeatureModels/mace1.cnf.arjun,58,5,123,589,18,266,266.0,591,857,1802,done,23498,0.103063
Benchmarks/FeatureModels/eb55.cnf.arjun,59,5,123,604,19,280,280.0,605,885,1857,done,23498,0.11601
Benchmarks/FeatureModels/mpc50.cnf.arjun,57,5,123,587,17,266,266.0,588,854,1793,done,23912,0.102134
Benchmarks/FeatureModels/jmr3904.cnf.arjun,57,5,123,584,18,265,265.0,585,850,1784,done,23912,0.101109
Benchmarks/FeatureModels/stdeval1.cnf.arjun,57,5,123,580,18,270,270.0,581,851,1785,done,23912,0.102999
Benchmarks/FeatureModels/fads.cnf.arjun,57,5,123,578,17,257,257.0,579,836,1756,done,23633,0.104137
Benchmarks/FeatureModels/jtst.cnf.arjun,59,5,123,597,17,275,275.0,598,873,1832,done,23498,0.0991328
Benchmarks/FeatureModels/malta_mips64_5kc.cnf.arjun,62,5,123,607,18,283,283.0,609,892,1870,done,23769,0.110391
Benchmarks/FeatureModels/smdk2410.cnf.arjun,65,5,123,625,18,284,284.0,626,910,1905,done,23904,0.0976791
Benchmarks/FeatureModels/pc_vmWare.cnf.arjun,62,5,123,612,18,280,280.0,614,894,1873,done,23904,0.109266
Benchmarks/FeatureModels/vads.cnf.arjun,62,5,123,607,18,277,277.0,609,886,1868,done,23498,0.116324
Benchmarks/FeatureModels/ixdp425.cnf.arjun,59,5,123,609,18,277,277.0,611,888,1863,done,23908,0.0985732
Benchmarks/FeatureModels/npwr.cnf.arjun,60,5,123,614,18,278,278.0,616,894,1875,done,23904,0.104426
Benchmarks/FeatureModels/sparc_leon.cnf.arjun,56,5,123,568,17,257,257.0,569,826,1735,done,23498,0.113396
Benchmarks/FeatureModels/integrator_arm9.cnf.arjun,68,5,123,628,18,303,303.0,630,933,1955,done,23904,0.108219
Benchmarks/FeatureModels/mb93091.cnf.arjun,62,5,123,624,18,279,279.0,626,905,1902,done,23904,0.11252
Benchmarks/FeatureModels/mbx.cnf.arjun,63,5,123,629,19,272,272.0,631,903,1894,done,23498,0.0989147
Benchmarks/FeatureModels/sh4_202_md.cnf.arjun,62,5,123,603,18,281,281.0,605,886,1867,done,23912,0.113383
Benchmarks/FeatureModels/ec555.cnf.arjun,59,5,123,625,18,268,268.0,626,894,1871,done,23498,0.112778
Benchmarks/FeatureModels/stm3210e_eval.cnf.arjun,59,5,123,596,18,270,270.0,597,867,1817,done,23912,0.112349
Benchmarks/FeatureModels/olpce2294.cnf.arjun,61,5,123,611,19,280,280.0,613,893,1873,done,23633,0.103191
Benchmarks/FeatureModels/pc_i82544.cnf.arjun,62,5,123,616,19,281,281.0,618,899,1883,done,23904,0.0966128
Benchmarks/FeatureModels/pc_rltk8139.cnf.arjun,64,5,123,621,19,287,287.0,624,911,1910,done,23633,0.0964008
Benchmarks/FeatureModels/FM-3.6.1-refined.cnf.arjun,4,4,10,23,4,3,6.0,23,26,57,done,23498,0.099637
Benchmarks/FeatureModels/mac7100evb.cnf.arjun,58,5,123,589,18,266,266.0,591,857,1802,done,23633,0.101833
Benchmarks/FeatureModels/prpmc1100.cnf.arjun,58,5,123,593,17,269,269.0,594,863,1811,done,23498,0.098598
Benchmarks/FeatureModels/olpcl2294.cnf.arjun,61,5,123,613,19,280,280.0,615,895,1877,done,23904,0.113909
Benchmarks/FeatureModels/h8300h_sim.cnf.arjun,56,5,123,570,17,257,257.0,571,828,1739,done,23498,0.113631
Benchmarks/FeatureModels/grg.cnf.arjun,60,5,123,607,18,278,278.0,609,887,1861,done,23498,0.108261
Benchmarks/FeatureModels/stb.cnf.arjun,59,5,123,615,17,271,271.0,616,887,1857,done,23904,0.0966069
Benchmarks/FeatureModels/cma28x.cnf.arjun,57,5,123,585,18,263,263.0,586,849,1784,done,23912,0.109142
Benchmarks/FeatureModels/ts6.cnf.arjun,62,5,123,607,18,277,277.0,609,886,1868,done,23904,0.111952
Benchmarks/FeatureModels/phycore.cnf.arjun,60,5,123,629,17,275,275.0,630,905,1896,done,23498,0.0988378
Benchmarks/FeatureModels/sam7ex256.cnf.arjun,63,5,123,632,19,286,287.0,634,920,1930,done,23633,0.108732
Benchmarks/FeatureModels/eb42.cnf.arjun,58,5,123,594,18,270,270.0,595,865,1817,done,23912,0.101252
Benchmarks/FeatureModels/calm32_ceb.cnf.arjun,56,5,123,573,17,264,264.0,574,838,1760,done,23633,0.099655
Benchmarks/FeatureModels/mcb2100.cnf.arjun,59,5,123,597,18,270,270.0,598,868,1821,done,23633,0.100886
Benchmarks/FeatureModels/edosk2674.cnf.arjun,59,5,123,581,18,268,268.0,583,851,1788,done,23912,0.0990672
Benchmarks/FeatureModels/malta_mips32_4kc.cnf.arjun,62,5,123,606,18,283,283.0,608,891,1868,done,23633,0.115494
Benchmarks/FeatureModels/mb93093.cnf.arjun,59,5,123,616,17,273,273.0,618,891,1868,done,23498,0.113712
Benchmarks/FeatureModels/se7751.cnf.arjun,61,5,123,631,18,282,282.0,633,915,1915,done,23904,0.0975307
Benchmarks/FeatureModels/moab.cnf.arjun,63,5,123,624,19,285,285.0,626,911,1909,done,23769,0.103794
Benchmarks/FeatureModels/cerf.cnf.arjun,60,5,123,617,19,286,286.0,619,905,1896,done,23904,0.117621
Benchmarks/FeatureModels/p2106.cnf.arjun,59,5,123,597,18,270,270.0,598,868,1821,done,23769,0.105325
Benchmarks/FeatureModels/eb40.cnf.arjun,59,5,123,597,17,275,275.0,598,873,1832,done,23773,0.10537
Benchmarks/FeatureModels/skmb91302.cnf.arjun,57,5,123,606,17,265,265.0,607,872,1828,done,23904,0.110455
Benchmarks/FeatureModels/ea2468.cnf.arjun,64,5,123,627,19,284,284.0,629,913,1912,done,23904,0.0965034
Benchmarks/FeatureModels/assabet.cnf.arjun,57,5,123,606,18,279,279.0,607,886,1856,done,23912,0.119534
Benchmarks/FeatureModels/gps4020.cnf.arjun,58,5,123,589,18,272,272.0,590,862,1809,done,23912,0.100268
Benchmarks/FeatureModels/viper.cnf.arjun,62,5,123,631,18,272,272.0,633,905,1898,done,23769,0.102228
Benchmarks/FeatureModels/cme555.cnf.arjun,59,5,123,625,18,268,268.0,626,894,1871,done,23498,0.105256
Benchmarks/FeatureModels/pc_i82559.cnf.arjun,62,5,123,616,19,281,281.0,618,899,1883,done,23769,0.108436
Benchmarks/FeatureModels/aaed2000.cnf.arjun,67,5,123,637,18,296,296.0,639,935,1957,done,23904,0.111254
Benchmarks/FeatureModels/at91sam7sek.cnf.arjun,60,5,123,612,18,277,278.0,613,890,1868,done,23769,0.101798
Benchmarks/FeatureModels/aeb.cnf.arjun,58,5,123,588,18,276,276.0,589,865,1814,done,23912,0.0965975
Benchmarks/FeatureModels/sparclite_sim.cnf.arjun,56,5,123,568,17,257,257.0,569,826,1735,done,23773,0.113026
Benchmarks/FeatureModels/frv400.cnf.arjun,60,5,123,620,17,274,274.0,622,896,1878,done,23633,0.0967241
Benchmarks/FeatureModels/sh7708.cnf.arjun,64,5,123,596,19,291,291.0,597,888,1858,done,23773,0.103891
Benchmarks/FeatureModels/flexanet.cnf.arjun,60,5,123,614,19,286,286.0,616,902,1890,done,23904,0.0998169
Benchmarks/FeatureModels/atlas_mips32_4kc.cnf.arjun,61,5,123,595,18,274,274.0,597,871,1828,done,23498,0.1115
Benchmarks/FeatureModels/edb7xxx.cnf.arjun,60,5,123,604,19,283,283.0,606,889,1867,done,23498,0.100263
Benchmarks/FeatureModels/brutus.cnf.arjun,57,5,123,587,18,268,268.0,588,856,1797,done,23912,0.111489
Benchmarks/FeatureModels/csb281.cnf.arjun,62,5,123,606,18,277,277.0,609,886,1861,done,23904,0.0977426
Benchmarks/FeatureModels/innovator.cnf.arjun,67,5,123,632,18,290,290.0,634,924,1935,done,23904,0.128695
Benchmarks/FeatureModels/ebsa285.cnf.arjun,62,5,123,612,18,287,287.0,615,902,1893,done,23904,0.10409
Benchmarks/FeatureModels/sparc_erc32.cnf.arjun,56,5,123,568,17,257,257.0,569,826,1735,done,23773,0.099656
Benchmarks/FeatureModels/integrator_arm7.cnf.arjun,61,5,123,621,18,286,286.0,623,909,1907,done,23633,0.0996502
Benchmarks/FeatureModels/iq80310.cnf.arjun,60,5,123,614,18,277,278.0,616,893,1873,done,23498,0.114287
Benchmarks/FeatureModels/ts1000.cnf.arjun,62,5,123,631,18,272,272.0,633,905,1898,done,23904,0.10067
Benchmarks/FeatureModels/aki3068net.cnf.arjun,58,5,123,587,18,272,272.0,589,861,1806,done,23498,0.107208
Benchmarks/FeatureModels/adder.cnf.arjun,63,5,123,603,19,275,275.0,605,880,1850,done,23498,0.102977
Benchmarks/FeatureModels/ceb_v850.cnf.arjun,58,5,123,582,18,266,266.0,583,849,1783,done,23498,0.100697
Benchmarks/FeatureModels/atlas_mips64_5kc.cnf.arjun,61,5,123,593,18,274,274.0,595,869,1824,done,23498,0.118016
Benchmarks/FeatureModels/asb.cnf.arjun,58,5,123,608,17,265,265.0,609,874,1832,done,23769,0.108705
Benchmarks/FeatureModels/pc_usb_d12.cnf.arjun,61,5,123,624,19,277,277.0,625,902,1887,done,23904,0.108134
Benchmarks/FeatureModels/aim711.cnf.arjun,62,5,123,613,19,286,286.0,615,901,1889,done,23633,0.101761
Benchmarks/FeatureModels/sa1100mm.cnf.arjun,57,5,123,588,18,269,269.0,589,858,1801,done,23769,0.111427
Benchmarks/FeatureModels/h8s_sim.cnf.arjun,56,5,123,570,17,257,257.0,571,828,1739,done,23498,0.0999047
Benchmarks/FeatureModels/phycore229x.cnf.arjun,64,5,123,644,19,282,282.0,646,928,1943,done,23633,0.102934
Benchmarks/FeatureModels/sleb.cnf.arjun,56,5,123,577,17,258,258.0,578,836,1755,done,23773,0.10456
Benchmarks/FeatureModels/XSEngine.cnf.arjun,60,5,123,630,18,276,276.0,632,908,1903,done,23633,0.10615
Benchmarks/FeatureModels/adderII.cnf.arjun,63,5,123,605,18,275,275.0,607,882,1854,done,23769,0.110535
Benchmarks/FeatureModels/ref4955.cnf.arjun,59,5,123,594,18,269,269.0,595,864,1811,done,23904,0.0990646
Benchmarks/FeatureModels/e7t.cnf.arjun,61,5,123,635,18,277,277.0,637,914,1915,done,23908,0.0975924
Benchmarks/FeatureModels/at91sam7xek.cnf.arjun,63,5,123,632,19,286,287.0,634,920,1930,done,23498,0.0992988
Benchmarks/FeatureModels/cq7750.cnf.arjun,59,5,123,614,17,268,268.0,615,883,1851,done,23904,0.111277
Benchmarks/FeatureModels/pati.cnf.arjun,59,5,123,606,18,269,269.0,607,876,1835,done,23904,0.110747
Benchmarks/FeatureModels/cerfpda.cnf.arjun,60,5,123,623,19,287,287.0,625,912,1910,done,23498,0.110182
Benchmarks/FeatureModels/ipaq.cnf.arjun,58,5,123,595,17,281,281.0,596,877,1838,done,23908,0.117713
Benchmarks/FeatureModels/picasso.cnf.arjun,60,5,123,603,18,279,279.0,605,884,1855,done,23498,0.106039
Benchmarks/FeatureModels/snds.cnf.arjun,60,5,123,591,18,271,271.0,593,864,1816,done,23912,0.114453
Benchmarks/FeatureModels/cma230.cnf.arjun,57,5,123,586,18,269,269.0,587,856,1797,done,23912,0.108622
Benchmarks/FeatureModels/calm16_ceb.cnf.arjun,56,5,123,573,17,264,264.0,574,838,1760,done,23633,0.103127
Benchmarks/FeatureModels/eb40a.cnf.arjun,59,5,123,597,17,275,275.0,598,873,1832,done,23498,0.112121
Benchmarks/FeatureModels/asb2305.cnf.arjun,58,5,123,609,17,265,265.0,610,875,1834,done,23904,0.106526
Benchmarks/FeatureModels/se77x9.cnf.arjun,67,5,123,644,18,292,292.0,645,937,1958,done,23769,0.0985666
Benchmarks/FeatureModels/olpch2294.cnf.arjun,59,5,123,601,17,273,273.0,602,875,1835,done,23633,0.108948
Benchmarks/FeatureModels/rattler.cnf.arjun,64,5,123,649,19,285,285.0,651,936,1960,done,23498,0.101772
Benchmarks/35.sk_3_52.cnf.arjun,0,0,0,41,0,-41,0.0,41,0,0,done,23498,0.0961482
Benchmarks/FeatureModels/vrc4373.cnf.arjun,58,5,123,621,18,266,266.0,622,888,1860,done,23773,0.10282
Benchmarks/7.sk_4_50.cnf.arjun,0,0,0,40,0,-40,0.0,40,0,0,done,23498,0.100964
Benchmarks/36.sk_3_77.cnf.arjun,0,0,0,1,0,-8046,1.0,8047,1,0,done,23498,0.0970693
Benchmarks/tutorial1.sk_1_1.cnf.arjun,0,0,0,1,-1,0,0.0,0,0,0,done,23498,0.0965962
Benchmarks/79.sk_4_40.cnf.arjun,0,0,0,1,0,-5706,1.0,5707,1,0,done,23498,0.0986687
Benchmarks/111.sk_2_36.cnf.arjun,0,0,0,28,0,-28,0.0,28,0,0,done,23498,0.0969738
Benchmarks/ActivityService2.sk_10_27.cnf.arjun,4,6,12,21,5,0,5.0,22,22,65,done,23633,0.0965905
Benchmarks/55.sk_3_46.cnf.arjun,0,0,0,37,0,-37,0.0,37,0,0,done,23498,0.0976455
Benchmarks/29.sk_3_45.cnf.arjun,5,3,9,41,4,-19,4.0,41,22,45,done,23498,0.0957466
Benchmarks/63.sk_3_64.cnf.arjun,1,3,5,54,2,-49,0.0,54,5,12,done,23498,0.100136
Benchmarks/27.sk_3_32.cnf.arjun,0,0,0,25,0,-25,0.0,25,0,0,done,23498,0.0976845
Benchmarks/81.sk_5_51.cnf.arjun,5,3,9,47,4,-21,4.0,47,26,53,done,23633,0.096834
Benchmarks/NotificationServiceImpl2.sk_10_36.cnf.arjun,18,12,41,25,16,76,82.0,36,112,498,done,23633,0.101998
Benchmarks/V7/s298_7_4.cnf.arjun,7,7,19,17,7,9,15.0,20,29,117,done,23498,0.0967792
Benchmarks/V7/s832a_7_4.cnf.arjun,3,4,7,22,3,-14,0.0,22,8,22,done,23498,0.0933893
Benchmarks/V7/s820a_7_4.cnf.arjun,3,4,8,21,4,-9,1.0,21,12,31,done,23498,0.0996468
Benchmarks/V7/s1423a_7_4.cnf.arjun,20,13,71,91,15,107,129.0,120,227,907,done,23633,0.100725
Benchmarks/V7/s953a_7_4.cnf.arjun,21,10,29,45,16,41,67.0,56,97,358,done,23633,0.0997747
Benchmarks/V7/s27_new_7_4.cnf.arjun,0,2,1,6,1,-5,0.0,6,1,2,done,23633,0.0996804
Benchmarks/V7/s15850a_7_4.cnf.arjun,48,14,61,615,31,-71,368.0,685,614,2119,done,23773,0.103227
Benchmarks/V7/s420_7_4.cnf.arjun,0,0,0,33,0,-33,0.0,33,0,0,done,23498,0.0998902
Benchmarks/V7/s838_7_4.cnf.arjun,0,0,0,65,0,-65,0.0,65,0,0,done,23498,0.0982363
Benchmarks/V7/s382_7_4.cnf.arjun,8,5,18,22,5,12,22.0,29,41,135,done,23633,0.0933808
Benchmarks/V7/s38417_7_4.cnf.arjun,22,14,55,1664,17,-1431,151.0,1696,265,1180,done,24072,0.111431
Benchmarks/V7/s13207a_7_4.cnf.arjun,0,0,0,699,0,-699,0.0,699,0,0,done,23498,0.09809
Benchmarks/V7/s344_7_4.cnf.arjun,12,7,31,24,6,23,32.0,30,53,206,done,23498,0.0969204
Benchmarks/V7/s510_7_4.cnf.arjun,6,7,12,25,6,-11,4.0,25,14,62,done,23498,0.0975305
Benchmarks/V7/s526a_7_4.cnf.arjun,9,11,28,24,11,34,39.0,29,63,261,done,23498,0.0923553
Benchmarks/V7/s349_7_4.cnf.arjun,13,7,29,25,9,27,36.0,28,55,241,done,23633,0.0964601
Benchmarks/V7/s38584_7_4.cnf.arjun,9,11,23,1464,13,-1366,41.0,1475,109,430,done,23498,0.0959425
Benchmarks/V7/s420_new1_7_4.cnf.arjun,0,0,0,33,0,-33,0.0,33,0,0,done,23498,0.0999117
Benchmarks/V7/s1488_7_4.cnf.arjun,23,9,92,17,15,148,148.0,28,176,765,done,23498,0.100774
Benchmarks/V7/s444_7_4.cnf.arjun,13,8,22,24,9,27,35.0,30,57,227,done,23498,0.0972337
Benchmarks/V7/s641_7_4.cnf.arjun,17,13,32,55,16,62,86.0,67,129,495,done,23498,0.0953891
Benchmarks/V7/s5378a_7_4.cnf.arjun,2,11,15,214,11,-182,18.0,217,35,105,done,23498,0.0990863
Benchmarks/V7/s1238a_7_4.cnf.arjun,22,9,30,33,12,64,78.0,43,107,432,done,23498,0.0953924
Benchmarks/V7/s27_7_4.cnf.arjun,1,5,7,7,5,2,2.0,7,9,31,done,23498,0.0954508
Benchmarks/V7/s9234a_7_4.cnf.arjun,4,10,24,247,9,-204,13.0,253,49,158,done,23498,0.0956561
Benchmarks/V7/s420_new_7_4.cnf.arjun,0,0,0,33,0,-33,0.0,33,0,0,done,23498,0.0985827
Benchmarks/V7/s713_7_4.cnf.arjun,15,13,33,54,16,72,99.0,70,142,515,done,23498,0.0996926
Benchmarks/V7/s35932_7_4.cnf.arjun,0,0,0,1761,0,-1761,0.0,1761,0,0,done,23498,0.0965662
Benchmarks/V7/s1196a_7_4.cnf.arjun,17,7,27,32,11,41,57.0,41,82,316,done,23498,0.0949082
Benchmarks/xpose.sk_6_134.cnf.arjun,2282,33,2560,12802,665,75885,75885.0,13383,89268,361400,done,48291,2.58113
Benchmarks/V7/s526_7_4.cnf.arjun,13,9,23,26,10,32,37.0,30,62,251,done,23498,0.097045
Benchmarks/sort.sk_8_52.cnf.arjun,132,11,242,54,36,958,960.0,240,1198,4349,done,23797,0.0980116
Benchmarks/IssueServiceImpl.sk_8_30.cnf.arjun,47,10,40,57,25,232,235.0,79,311,1115,done,23633,0.107396
Benchmarks/51.sk_4_38.cnf.arjun,2,3,6,32,2,-23,0.0,32,9,19,done,23498,0.0968691
Benchmarks/GuidanceService.sk_4_27.cnf.arjun,2,6,7,22,5,-9,1.0,22,13,44,done,23695,0.099963
Benchmarks/polynomial.sk_7_25.cnf.arjun,0,0,0,5,0,-5,0.0,5,0,0,done,23498,0.098733
Benchmarks/54.sk_12_97.cnf.arjun,170,12,106,93,40,1257,1282.0,378,1635,5370,done,23826,0.0944043
Benchmarks/karatsuba.sk_7_41.cnf.arjun,3497,13,707,4183,109,26219,26219.0,4472,30691,117699,done,31141,0.435205
Benchmarks/19.sk_3_48.cnf.arjun,1,4,5,43,3,-31,0.0,43,12,28,done,23498,0.0975599
Benchmarks/V3/s713_3_2.cnf.arjun,9,9,24,54,12,1,33.0,60,61,254,done,23498,0.0982739
Benchmarks/V3/s420_3_2.cnf.arjun,0,0,0,33,0,-33,0.0,33,0,0,done,23498,0.101757
Benchmarks/V3/s38417_3_2.cnf.arjun,9,17,36,1664,18,-1499,91.0,1687,188,764,done,24072,0.0967537
Benchmarks/logcount.sk_16_86.cnf.arjun,1831,17,1147,3908,228,30085,30085.0,6919,37004,137000,done,31813,0.312052
Benchmarks/V3/s349_3_2.cnf.arjun,3,5,7,24,4,-16,1.0,24,8,31,done,23498,0.100848
Benchmarks/V3/s953a_3_2.cnf.arjun,1,7,9,45,6,-35,2.0,46,11,28,done,23633,0.0968212
Benchmarks/V3/s1423a_3_2.cnf.arjun,9,9,25,91,8,-66,11.0,92,26,132,done,23498,0.0997072
Benchmarks/V3/s27_new_3_2.cnf.arjun,0,2,1,6,1,-5,0.0,6,1,2,done,23633,0.0996346
Benchmarks/V3/s9234a_3_2.cnf.arjun,1,11,13,247,10,-233,0.0,248,15,61,done,23773,0.100841
Benchmarks/V3/s298_3_2.cnf.arjun,0,0,0,15,0,-15,0.0,15,0,0,done,23498,0.0957466
Benchmarks/V3/s526_3_2.cnf.arjun,0,0,0,22,0,-22,0.0,22,0,0,done,23498,0.102204
Benchmarks/V3/s510_3_2.cnf.arjun,6,7,11,25,6,-12,4.0,25,13,61,done,23498,0.0997685
Benchmarks/V3/s1238a_3_2.cnf.arjun,10,9,22,33,10,13,32.0,35,48,195,done,23633,0.0971715
Benchmarks/V3/s838_3_2.cnf.arjun,0,0,0,65,0,-65,0.0,65,0,0,done,23498,0.0954528
Benchmarks/V3/s382_3_2.cnf.arjun,3,5,12,22,5,-11,0.0,23,12,49,done,23498,0.0945219
Benchmarks/V3/s13207a_3_2.cnf.arjun,0,0,0,699,0,-699,0.0,699,0,0,done,23498,0.101248
Benchmarks/V3/s15850a_3_2.cnf.arjun,3,8,16,611,7,-585,7.0,614,29,93,done,23773,0.0996517
Benchmarks/V3/s526a_3_2.cnf.arjun,2,5,10,24,5,-12,3.0,24,12,43,done,23498,0.0987377
Benchmarks/V3/s420_new1_3_2.cnf.arjun,0,0,0,33,0,-33,0.0,33,0,0,done,23498,0.098625
Benchmarks/V3/s27_3_2.cnf.arjun,1,5,7,7,5,2,2.0,7,9,31,done,23498,0.0987986
Benchmarks/V3/s35932_3_2.cnf.arjun,0,0,0,1761,0,-1761,0.0,1761,0,0,done,23498,0.0976184
Benchmarks/V3/s641_3_2.cnf.arjun,0,18,15,52,20,-37,0.0,52,15,176,done,23498,0.0969093
Benchmarks/V3/s444_3_2.cnf.arjun,3,5,12,22,5,-11,0.0,23,12,49,done,23498,0.100096
Benchmarks/V3/s344_3_2.cnf.arjun,4,5,7,24,4,-16,0.0,24,8,32,done,23498,0.0991386
Benchmarks/V3/s832a_3_2.cnf.arjun,1,2,5,20,1,-15,0.0,20,5,10,done,23498,0.100708
Benchmarks/V3/s420_new_3_2.cnf.arjun,0,0,0,33,0,-33,0.0,33,0,0,done,23498,0.0975352
Benchmarks/V3/s38584_3_2.cnf.arjun,6,7,18,1464,7,-1425,15.0,1468,43,163,done,23912,0.0965325
Benchmarks/V3/s1488_3_2.cnf.arjun,18,7,50,16,11,84,84.0,23,107,430,done,23498,0.0988717
Benchmarks/V3/s5378a_3_2.cnf.arjun,1,2,6,210,1,-204,0.0,210,6,12,done,23633,0.0987157
Benchmarks/V3/s820a_3_2.cnf.arjun,2,3,9,20,2,-10,0.0,20,10,25,done,23498,0.0968123
Benchmarks/V3/s1196a_3_2.cnf.arjun,11,6,18,32,9,11,27.0,36,47,183,done,23633,0.0967423
Benchmarks/71.sk_3_65.cnf.arjun,23,8,37,61,12,48,71.0,79,127,450,done,23633,0.0979496
Benchmarks/84.sk_4_77.cnf.arjun,0,0,0,64,0,-64,0.0,64,0,0,done,23498,0.103298
Benchmarks/GuidanceService2.sk_2_27.cnf.arjun,0,6,4,22,5,-13,0.0,22,9,28,done,23695,0.0965324
Benchmarks/70.sk_3_40.cnf.arjun,0,0,0,32,0,-32,0.0,32,0,0,done,23498,0.0969462
Benchmarks/30.sk_5_76.cnf.arjun,6,4,12,68,4,-45,2.0,68,23,64,done,23498,0.100928
Benchmarks/80.sk_2_48.cnf.arjun,0,0,0,39,0,-39,0.0,39,0,0,done,23498,0.0962706
Benchmarks/57.sk_4_64.cnf.arjun,0,0,0,52,0,-52,0.0,52,0,0,done,23498,0.0953914
Benchmarks/parity.sk_11_11.cnf.arjun,1169,18,1252,3357,270,21237,21237.0,5114,26351,99614,done,29110,0.260079
Benchmarks/17.sk_3_45.cnf.arjun,0,0,0,37,0,-37,0.0,37,0,0,done,23498,0.099831
Benchmarks/jburnim_morton.sk_13_530.cnf.arjun,5268,33,3746,48770,998,198639,198646.0,48770,247409,953082,done,85581,1.34342
Benchmarks/56.sk_6_38.cnf.arjun,1,4,6,32,3,-24,0.0,32,8,19,done,23498,0.0999526
Benchmarks/ConcreteActivityService.sk_13_28.cnf.arjun,7,5,12,22,6,4,9.0,23,27,101,done,23498,0.0975655
Benchmarks/V15/s5378a_15_7.cnf.arjun,3,13,20,214,14,-142,50.0,225,83,272,done,23769,0.0936859
Benchmarks/V15/s13207a_15_7.cnf.arjun,0,0,0,699,0,-699,0.0,699,0,0,done,23498,0.0996742
Benchmarks/V15/s344_15_7.cnf.arjun,17,7,33,25,7,52,60.0,35,87,353,done,23498,0.100684
Benchmarks/V15/s1423a_15_7.cnf.arjun,44,11,69,91,19,150,170.0,124,274,1083,done,23633,0.105013
Benchmarks/V15/s420_new_15_7.cnf.arjun,0,0,0,33,0,-33,0.0,33,0,0,done,23498,0.0986094
Benchmarks/V15/s38584_15_7.cnf.arjun,10,13,61,1465,13,-1363,50.0,1474,111,438,done,23912,0.0982103
Benchmarks/V15/s1238a_15_7.cnf.arjun,39,9,47,35,19,155,167.0,56,211,870,done,23633,0.0956925
Benchmarks/V15/s832a_15_7.cnf.arjun,10,6,35,23,9,39,47.0,26,65,282,done,23498,0.100118
Benchmarks/V15/s526a_15_7.cnf.arjun,12,11,52,28,11,58,63.0,30,88,441,done,23498,0.0970832
Benchmarks/V15/s444_15_7.cnf.arjun,17,7,28,23,9,56,64.0,34,90,335,done,23498,0.100803
Benchmarks/V15/s510_15_7.cnf.arjun,6,7,11,25,6,-12,4.0,25,13,59,done,23633,0.0967201
Benchmarks/V15/s820a_15_7.cnf.arjun,4,4,10,21,4,-9,0.0,21,12,40,done,23498,0.0996423
Benchmarks/V15/s420_15_7.cnf.arjun,0,0,0,33,0,-33,0.0,33,0,0,done,23498,0.0985981
Benchmarks/V15/s1488_15_7.cnf.arjun,31,8,80,18,16,172,172.0,34,206,824,done,23498,0.098718
Benchmarks/V15/s9234a_15_7.cnf.arjun,16,10,57,247,9,-115,92.0,264,149,590,done,23633,0.0970442
Benchmarks/V15/s420_new1_15_7.cnf.arjun,0,0,0,33,0,-33,0.0,33,0,0,done,23498,0.0985814
Benchmarks/V15/s27_15_7.cnf.arjun,1,5,7,7,5,2,2.0,7,9,31,done,23498,0.0997646
Benchmarks/V15/s1196a_15_7.cnf.arjun,26,8,51,34,12,103,118.0,50,153,583,done,23633,0.0976775
Benchmarks/V15/s953a_15_7.cnf.arjun,31,10,72,45,19,119,143.0,63,182,742,done,23633,0.0943445
Benchmarks/V15/s838_15_7.cnf.arjun,0,0,0,65,0,-65,0.0,65,0,0,done,23498,0.0992221
Benchmarks/V15/s27_new_15_7.cnf.arjun,0,2,1,6,1,-5,0.0,6,1,2,done,23498,0.0975246
Benchmarks/V15/s526_15_7.cnf.arjun,16,13,50,27,15,78,82.0,35,113,505,done,23498,0.0975767
Benchmarks/V15/s298_15_7.cnf.arjun,13,7,23,18,7,30,33.0,22,52,222,done,23498,0.0986235
Benchmarks/V15/s349_15_7.cnf.arjun,21,7,30,26,10,58,66.0,37,95,342,done,23633,0.0997987
Benchmarks/V15/s641_15_7.cnf.arjun,18,15,30,54,19,96,118.0,76,172,645,done,23498,0.0975192
Benchmarks/V15/s35932_15_7.cnf.arjun,0,0,0,1761,0,-1761,0.0,1761,0,0,done,23498,0.0976351
Benchmarks/V15/s15850a_15_7.cnf.arjun,64,14,60,617,31,6,440.0,699,705,2372,done,23773,0.113379
Benchmarks/V15/s713_15_7.cnf.arjun,21,14,42,54,17,95,118.0,73,168,656,done,23498,0.0953784
Benchmarks/V15/s382_15_7.cnf.arjun,22,7,27,24,8,61,68.0,37,98,369,done,23498,0.0997382
Benchmarks/V15/s38417_15_7.cnf.arjun,51,11,48,1665,13,-1251,275.0,1724,473,1828,done,24072,0.107054
Benchmarks/LoginService.sk_20_34.cnf.arjun,58,7,42,56,21,229,229.0,85,314,1001,done,23498,0.101792
Benchmarks/107.sk_3_90.cnf.arjun,0,0,0,73,0,-73,0.0,73,0,0,done,23498,0.099914
Benchmarks/SetTest.sk_9_21.cnf.arjun,0,3,2,5,2,-2,0.0,5,3,8,done,23498,0.0959312
Benchmarks/FMEasy/fiasco.cnf.arjun,0,22,21,97,22,122,142.0,108,230,511,done,23498,0.102966
Benchmarks/FMEasy/toybox.cnf.arjun,4,2,5,64,1,-42,0.0,64,22,44,done,23498,0.102459
Benchmarks/FMEasy/axTLS.cnf.arjun,11,3,14,89,3,-5,12.0,89,84,169,done,23498,0.0985766
Benchmarks/FMEasy/uClinux-config.cnf.arjun,58,5,277,1561,5,-348,64.0,1562,1214,2489,done,23912,0.110299
Benchmarks/FMEasy/coreboot.cnf.arjun,14,10,21,325,15,-199,37.0,337,138,536,done,23498,0.0964798
Benchmarks/FMEasy/uClinux.cnf.arjun,0,0,0,303,0,-303,0.0,303,0,0,done,23498,0.098841
Benchmarks/FMEasy/freebsd-icse11.cnf.arjun,50,8,157,1348,17,167,417.0,1348,1515,3493,done,23773,0.102815
Benchmarks/listReverse.sk_11_43.cnf.arjun,7445,14,1766,17968,409,92271,92271.0,17968,110239,414149,done,106000,310.869
Benchmarks/FMEasy/2.6.32-2var.cnf.arjun,39,75,721,9711,218,8552,8704.0,10190,18742,48188,done,27127,0.109195
Benchmarks/FMEasy/buildroot.cnf.arjun,51,13,95,1791,18,209,562.0,1805,2014,4341,done,24219,0.0987658
Benchmarks/FMEasy/2.6.28.6-icse11.cnf.arjun,34,56,480,5057,112,4110,4204.0,5079,9189,20991,done,25116,0.113057
Benchmarks/FMEasy/embtoolkit.cnf.arjun,152,10,514,1260,23,1461,1636.0,1410,2871,7996,done,24068,0.117717
Benchmarks/FMEasy/ecos-icse11.cnf.arjun,61,5,123,608,18,280,280.0,610,890,1869,done,23633,0.099636
Benchmarks/FMEasy/busybox-1.18.0.cnf.arjun,32,6,87,835,5,-226,7.0,837,611,1325,done,23932,0.0990383
Benchmarks/FMEasy/toybox2.cnf.arjun,4,2,5,64,1,-42,0.0,64,22,44,done,23498,0.102117
Benchmarks/IterationService.sk_12_27.cnf.arjun,9,6,13,22,8,9,16.0,26,35,105,done,23498,0.0953656
Benchmarks/10.sk_1_46.cnf.arjun,0,5,5,41,4,-29,0.0,41,12,34,done,23498,0.100274
Benchmarks/FMEasy/freetz.cnf.arjun,60,18,1516,3380,34,763,846.0,3407,4170,9750,done,24662,0.109612
Benchmarks/FMEasy/2.6.33.3-2var.cnf.arjun,32,100,770,9984,237,9224,9381.0,10510,19734,50975,done,27193,0.108393
Benchmarks/partition.sk_22_155.cnf.arjun,1977,137,14109,755,600,335191,335191.0,21971,357162,1604708,done,92008,1.97491
Benchmarks/log2.sk_72_391.cnf.arjun,43261,33,22484,0,943,714798,714798.0,116872,831670,4764447,done,218685,109.995
Benchmarks/tutorial3.sk_4_31.cnf.arjun,42286,20,105030,0,751,2101502,2101502.0,126225,2227727,11604530,done,334258,2.10719
